T_59	IDPO:00024	0.92
T_59	IDPO:00501	0.9
T_59	IDPO:00033	0.88
T_59	IDPO:00029	0.76
T_59	IDPO:00505	0.74
T_59	IDPO:00034	0.64
T_59	IDPO:00501	0.6
T_59	IDPO:00030	0.54
T_59	IDPO:00025	0.42
T_59	IDPO:00506	0.36
T_59	IDPO:00028	0.34
T_59	IDPO:00502	0.16
T_59	IDPO:00027	0.04
T_60	IDPO:00501	1.0
T_60	IDPO:00501	0.96
T_60	IDPO:00030	0.88
T_60	IDPO:00026	0.74
T_60	IDPO:00506	0.68
T_60	IDPO:00025	0.6
T_60	IDPO:00024	0.58
T_60	IDPO:00507	0.46
T_60	IDPO:00505	0.4
T_60	IDPO:00029	0.28
T_60	IDPO:00034	0.26
T_60	IDPO:00028	0.06
T_61	IDPO:00024	0.92
T_61	IDPO:00501	0.9
T_61	IDPO:00033	0.88
T_61	IDPO:00029	0.76
T_61	IDPO:00505	0.74
T_61	IDPO:00034	0.64
T_61	IDPO:00501	0.6
T_61	IDPO:00030	0.54
T_61	IDPO:00025	0.42
T_61	IDPO:00506	0.36
T_61	IDPO:00028	0.34
T_61	IDPO:00502	0.16
T_61	IDPO:00027	0.04
T_62	IDPO:00033	1.0
T_62	IDPO:00501	0.98
T_62	IDPO:00027	0.94
T_62	IDPO:00502	0.92
T_62	IDPO:00028	0.84
T_62	IDPO:00034	0.64
T_62	IDPO:00029	0.62
T_62	IDPO:00505	0.5
T_62	IDPO:00507	0.44
T_62	IDPO:00024	0.32
T_62	IDPO:00025	0.3
T_62	IDPO:00506	0.22
T_62	IDPO:00026	0.16
T_31	IDPO:00033	1.0
T_31	IDPO:00501	0.98
T_31	IDPO:00027	0.94
T_31	IDPO:00502	0.92
T_31	IDPO:00028	0.84
T_31	IDPO:00034	0.64
T_31	IDPO:00029	0.62
T_31	IDPO:00505	0.5
T_31	IDPO:00507	0.44
T_31	IDPO:00024	0.32
T_31	IDPO:00025	0.3
T_31	IDPO:00506	0.22
T_31	IDPO:00026	0.16
T_32	IDPO:00033	1.0
T_32	IDPO:00501	0.98
T_32	IDPO:00027	0.94
T_32	IDPO:00502	0.92
T_32	IDPO:00028	0.84
T_32	IDPO:00034	0.64
T_32	IDPO:00029	0.62
T_32	IDPO:00505	0.5
T_32	IDPO:00507	0.44
T_32	IDPO:00024	0.32
T_32	IDPO:00025	0.3
T_32	IDPO:00506	0.22
T_32	IDPO:00026	0.16
T_54	IDPO:00024	0.92
T_54	IDPO:00501	0.9
T_54	IDPO:00033	0.88
T_54	IDPO:00029	0.76
T_54	IDPO:00505	0.74
T_54	IDPO:00034	0.64
T_54	IDPO:00501	0.6
T_54	IDPO:00030	0.54
T_54	IDPO:00025	0.42
T_54	IDPO:00506	0.36
T_54	IDPO:00028	0.34
T_54	IDPO:00502	0.16
T_54	IDPO:00027	0.04
T_55	IDPO:00033	1.0
T_55	IDPO:00501	0.98
T_55	IDPO:00027	0.94
T_55	IDPO:00502	0.92
T_55	IDPO:00028	0.84
T_55	IDPO:00034	0.64
T_55	IDPO:00029	0.62
T_55	IDPO:00505	0.5
T_55	IDPO:00507	0.44
T_55	IDPO:00024	0.32
T_55	IDPO:00025	0.3
T_55	IDPO:00506	0.22
T_55	IDPO:00026	0.16
T_56	IDPO:00024	0.92
T_56	IDPO:00501	0.9
T_56	IDPO:00033	0.88
T_56	IDPO:00029	0.76
T_56	IDPO:00505	0.74
T_56	IDPO:00034	0.64
T_56	IDPO:00501	0.6
T_56	IDPO:00030	0.54
T_56	IDPO:00025	0.42
T_56	IDPO:00506	0.36
T_56	IDPO:00028	0.34
T_56	IDPO:00502	0.16
T_56	IDPO:00027	0.04
T_57	IDPO:00033	1.0
T_57	IDPO:00501	0.98
T_57	IDPO:00027	0.94
T_57	IDPO:00502	0.92
T_57	IDPO:00028	0.84
T_57	IDPO:00034	0.64
T_57	IDPO:00029	0.62
T_57	IDPO:00505	0.5
T_57	IDPO:00507	0.44
T_57	IDPO:00024	0.32
T_57	IDPO:00025	0.3
T_57	IDPO:00506	0.22
T_57	IDPO:00026	0.16
T_58	IDPO:00033	1.0
T_58	IDPO:00501	0.98
T_58	IDPO:00027	0.94
T_58	IDPO:00502	0.92
T_58	IDPO:00028	0.84
T_58	IDPO:00034	0.64
T_58	IDPO:00029	0.62
T_58	IDPO:00505	0.5
T_58	IDPO:00507	0.44
T_58	IDPO:00024	0.32
T_58	IDPO:00025	0.3
T_58	IDPO:00506	0.22
T_58	IDPO:00026	0.16
T_33	IDPO:00033	1.0
T_33	IDPO:00501	0.98
T_33	IDPO:00027	0.94
T_33	IDPO:00502	0.92
T_33	IDPO:00028	0.84
T_33	IDPO:00034	0.64
T_33	IDPO:00029	0.62
T_33	IDPO:00505	0.5
T_33	IDPO:00507	0.44
T_33	IDPO:00024	0.32
T_33	IDPO:00025	0.3
T_33	IDPO:00506	0.22
T_33	IDPO:00026	0.16
T_42	IDPO:00501	1.0
T_42	IDPO:00501	0.96
T_42	IDPO:00030	0.88
T_42	IDPO:00026	0.74
T_42	IDPO:00506	0.68
T_42	IDPO:00025	0.6
T_42	IDPO:00024	0.58
T_42	IDPO:00507	0.46
T_42	IDPO:00505	0.4
T_42	IDPO:00029	0.28
T_42	IDPO:00034	0.26
T_42	IDPO:00028	0.06
T_43	IDPO:00033	1.0
T_43	IDPO:00501	0.98
T_43	IDPO:00027	0.94
T_43	IDPO:00502	0.92
T_43	IDPO:00028	0.84
T_43	IDPO:00034	0.64
T_43	IDPO:00029	0.62
T_43	IDPO:00505	0.5
T_43	IDPO:00507	0.44
T_43	IDPO:00024	0.32
T_43	IDPO:00025	0.3
T_43	IDPO:00506	0.22
T_43	IDPO:00026	0.16
T_44	IDPO:00024	0.92
T_44	IDPO:00501	0.9
T_44	IDPO:00033	0.88
T_44	IDPO:00029	0.76
T_44	IDPO:00505	0.74
T_44	IDPO:00034	0.64
T_44	IDPO:00501	0.6
T_44	IDPO:00030	0.54
T_44	IDPO:00025	0.42
T_44	IDPO:00506	0.36
T_44	IDPO:00028	0.34
T_44	IDPO:00502	0.16
T_44	IDPO:00027	0.04
T_45	IDPO:00501	1.0
T_45	IDPO:00501	0.96
T_45	IDPO:00030	0.88
T_45	IDPO:00026	0.74
T_45	IDPO:00506	0.68
T_45	IDPO:00025	0.6
T_45	IDPO:00024	0.58
T_45	IDPO:00507	0.46
T_45	IDPO:00505	0.4
T_45	IDPO:00029	0.28
T_45	IDPO:00034	0.26
T_45	IDPO:00028	0.06
T_46	IDPO:00033	1.0
T_46	IDPO:00501	0.98
T_46	IDPO:00027	0.94
T_46	IDPO:00502	0.92
T_46	IDPO:00028	0.84
T_46	IDPO:00034	0.64
T_46	IDPO:00029	0.62
T_46	IDPO:00505	0.5
T_46	IDPO:00507	0.44
T_46	IDPO:00024	0.32
T_46	IDPO:00025	0.3
T_46	IDPO:00506	0.22
T_46	IDPO:00026	0.16
T_47	IDPO:00501	1.0
T_47	IDPO:00501	0.96
T_47	IDPO:00030	0.88
T_47	IDPO:00026	0.74
T_47	IDPO:00506	0.68
T_47	IDPO:00025	0.6
T_47	IDPO:00024	0.58
T_47	IDPO:00507	0.46
T_47	IDPO:00505	0.4
T_47	IDPO:00029	0.28
T_47	IDPO:00034	0.26
T_47	IDPO:00028	0.06
T_48	IDPO:00501	1.0
T_48	IDPO:00501	0.96
T_48	IDPO:00030	0.88
T_48	IDPO:00026	0.74
T_48	IDPO:00506	0.68
T_48	IDPO:00025	0.6
T_48	IDPO:00024	0.58
T_48	IDPO:00507	0.46
T_48	IDPO:00505	0.4
T_48	IDPO:00029	0.28
T_48	IDPO:00034	0.26
T_48	IDPO:00028	0.06
T_49	IDPO:00024	0.92
T_49	IDPO:00501	0.9
T_49	IDPO:00033	0.88
T_49	IDPO:00029	0.76
T_49	IDPO:00505	0.74
T_49	IDPO:00034	0.64
T_49	IDPO:00501	0.6
T_49	IDPO:00030	0.54
T_49	IDPO:00025	0.42
T_49	IDPO:00506	0.36
T_49	IDPO:00028	0.34
T_49	IDPO:00502	0.16
T_49	IDPO:00027	0.04
T_50	IDPO:00024	0.92
T_50	IDPO:00501	0.9
T_50	IDPO:00033	0.88
T_50	IDPO:00029	0.76
T_50	IDPO:00505	0.74
T_50	IDPO:00034	0.64
T_50	IDPO:00501	0.6
T_50	IDPO:00030	0.54
T_50	IDPO:00025	0.42
T_50	IDPO:00506	0.36
T_50	IDPO:00028	0.34
T_50	IDPO:00502	0.16
T_50	IDPO:00027	0.04
T_51	IDPO:00024	0.92
T_51	IDPO:00501	0.9
T_51	IDPO:00033	0.88
T_51	IDPO:00029	0.76
T_51	IDPO:00505	0.74
T_51	IDPO:00034	0.64
T_51	IDPO:00501	0.6
T_51	IDPO:00030	0.54
T_51	IDPO:00025	0.42
T_51	IDPO:00506	0.36
T_51	IDPO:00028	0.34
T_51	IDPO:00502	0.16
T_51	IDPO:00027	0.04
T_52	IDPO:00024	0.92
T_52	IDPO:00501	0.9
T_52	IDPO:00033	0.88
T_52	IDPO:00029	0.76
T_52	IDPO:00505	0.74
T_52	IDPO:00034	0.64
T_52	IDPO:00501	0.6
T_52	IDPO:00030	0.54
T_52	IDPO:00025	0.42
T_52	IDPO:00506	0.36
T_52	IDPO:00028	0.34
T_52	IDPO:00502	0.16
T_52	IDPO:00027	0.04
T_53	IDPO:00501	1.0
T_53	IDPO:00501	0.96
T_53	IDPO:00030	0.88
T_53	IDPO:00026	0.74
T_53	IDPO:00506	0.68
T_53	IDPO:00025	0.6
T_53	IDPO:00024	0.58
T_53	IDPO:00507	0.46
T_53	IDPO:00505	0.4
T_53	IDPO:00029	0.28
T_53	IDPO:00034	0.26
T_53	IDPO:00028	0.06
T_72	IDPO:00024	0.92
T_72	IDPO:00501	0.9
T_72	IDPO:00033	0.88
T_72	IDPO:00029	0.76
T_72	IDPO:00505	0.74
T_72	IDPO:00034	0.64
T_72	IDPO:00501	0.6
T_72	IDPO:00030	0.54
T_72	IDPO:00025	0.42
T_72	IDPO:00506	0.36
T_72	IDPO:00028	0.34
T_72	IDPO:00502	0.16
T_72	IDPO:00027	0.04
T_73	IDPO:00024	0.92
T_73	IDPO:00501	0.9
T_73	IDPO:00033	0.88
T_73	IDPO:00029	0.76
T_73	IDPO:00505	0.74
T_73	IDPO:00034	0.64
T_73	IDPO:00501	0.6
T_73	IDPO:00030	0.54
T_73	IDPO:00025	0.42
T_73	IDPO:00506	0.36
T_73	IDPO:00028	0.34
T_73	IDPO:00502	0.16
T_73	IDPO:00027	0.04
T_74	IDPO:00033	1.0
T_74	IDPO:00501	0.98
T_74	IDPO:00027	0.94
T_74	IDPO:00502	0.92
T_74	IDPO:00028	0.84
T_74	IDPO:00034	0.64
T_74	IDPO:00029	0.62
T_74	IDPO:00505	0.5
T_74	IDPO:00507	0.44
T_74	IDPO:00024	0.32
T_74	IDPO:00025	0.3
T_74	IDPO:00506	0.22
T_74	IDPO:00026	0.16
T_75	IDPO:00024	0.92
T_75	IDPO:00501	0.9
T_75	IDPO:00033	0.88
T_75	IDPO:00029	0.76
T_75	IDPO:00505	0.74
T_75	IDPO:00034	0.64
T_75	IDPO:00501	0.6
T_75	IDPO:00030	0.54
T_75	IDPO:00025	0.42
T_75	IDPO:00506	0.36
T_75	IDPO:00028	0.34
T_75	IDPO:00502	0.16
T_75	IDPO:00027	0.04
T_76	IDPO:00501	1.0
T_76	IDPO:00501	0.96
T_76	IDPO:00030	0.88
T_76	IDPO:00026	0.74
T_76	IDPO:00506	0.68
T_76	IDPO:00025	0.6
T_76	IDPO:00024	0.58
T_76	IDPO:00507	0.46
T_76	IDPO:00505	0.4
T_76	IDPO:00029	0.28
T_76	IDPO:00034	0.26
T_76	IDPO:00028	0.06
T_77	IDPO:00501	1.0
T_77	IDPO:00501	0.96
T_77	IDPO:00030	0.88
T_77	IDPO:00026	0.74
T_77	IDPO:00506	0.68
T_77	IDPO:00025	0.6
T_77	IDPO:00024	0.58
T_77	IDPO:00507	0.46
T_77	IDPO:00505	0.4
T_77	IDPO:00029	0.28
T_77	IDPO:00034	0.26
T_77	IDPO:00028	0.06
T_78	IDPO:00501	1.0
T_78	IDPO:00501	0.96
T_78	IDPO:00030	0.88
T_78	IDPO:00026	0.74
T_78	IDPO:00506	0.68
T_78	IDPO:00025	0.6
T_78	IDPO:00024	0.58
T_78	IDPO:00507	0.46
T_78	IDPO:00505	0.4
T_78	IDPO:00029	0.28
T_78	IDPO:00034	0.26
T_78	IDPO:00028	0.06
T_79	IDPO:00033	1.0
T_79	IDPO:00501	0.98
T_79	IDPO:00027	0.94
T_79	IDPO:00502	0.92
T_79	IDPO:00028	0.84
T_79	IDPO:00034	0.64
T_79	IDPO:00029	0.62
T_79	IDPO:00505	0.5
T_79	IDPO:00507	0.44
T_79	IDPO:00024	0.32
T_79	IDPO:00025	0.3
T_79	IDPO:00506	0.22
T_79	IDPO:00026	0.16
T_80	IDPO:00033	1.0
T_80	IDPO:00501	0.98
T_80	IDPO:00027	0.94
T_80	IDPO:00502	0.92
T_80	IDPO:00028	0.84
T_80	IDPO:00034	0.64
T_80	IDPO:00029	0.62
T_80	IDPO:00505	0.5
T_80	IDPO:00507	0.44
T_80	IDPO:00024	0.32
T_80	IDPO:00025	0.3
T_80	IDPO:00506	0.22
T_80	IDPO:00026	0.16
T_81	IDPO:00024	0.92
T_81	IDPO:00501	0.9
T_81	IDPO:00033	0.88
T_81	IDPO:00029	0.76
T_81	IDPO:00505	0.74
T_81	IDPO:00034	0.64
T_81	IDPO:00501	0.6
T_81	IDPO:00030	0.54
T_81	IDPO:00025	0.42
T_81	IDPO:00506	0.36
T_81	IDPO:00028	0.34
T_81	IDPO:00502	0.16
T_81	IDPO:00027	0.04
T_82	IDPO:00024	0.92
T_82	IDPO:00501	0.9
T_82	IDPO:00033	0.88
T_82	IDPO:00029	0.76
T_82	IDPO:00505	0.74
T_82	IDPO:00034	0.64
T_82	IDPO:00501	0.6
T_82	IDPO:00030	0.54
T_82	IDPO:00025	0.42
T_82	IDPO:00506	0.36
T_82	IDPO:00028	0.34
T_82	IDPO:00502	0.16
T_82	IDPO:00027	0.04
T_83	IDPO:00033	1.0
T_83	IDPO:00501	0.98
T_83	IDPO:00027	0.94
T_83	IDPO:00502	0.92
T_83	IDPO:00028	0.84
T_83	IDPO:00034	0.64
T_83	IDPO:00029	0.62
T_83	IDPO:00505	0.5
T_83	IDPO:00507	0.44
T_83	IDPO:00024	0.32
T_83	IDPO:00025	0.3
T_83	IDPO:00506	0.22
T_83	IDPO:00026	0.16
T_84	IDPO:00033	1.0
T_84	IDPO:00501	0.98
T_84	IDPO:00027	0.94
T_84	IDPO:00502	0.92
T_84	IDPO:00028	0.84
T_84	IDPO:00034	0.64
T_84	IDPO:00029	0.62
T_84	IDPO:00505	0.5
T_84	IDPO:00507	0.44
T_84	IDPO:00024	0.32
T_84	IDPO:00025	0.3
T_84	IDPO:00506	0.22
T_84	IDPO:00026	0.16
T_85	IDPO:00033	1.0
T_85	IDPO:00501	0.98
T_85	IDPO:00027	0.94
T_85	IDPO:00502	0.92
T_85	IDPO:00028	0.84
T_85	IDPO:00034	0.64
T_85	IDPO:00029	0.62
T_85	IDPO:00505	0.5
T_85	IDPO:00507	0.44
T_85	IDPO:00024	0.32
T_85	IDPO:00025	0.3
T_85	IDPO:00506	0.22
T_85	IDPO:00026	0.16
T_86	IDPO:00501	1.0
T_86	IDPO:00501	0.96
T_86	IDPO:00030	0.88
T_86	IDPO:00026	0.74
T_86	IDPO:00506	0.68
T_86	IDPO:00025	0.6
T_86	IDPO:00024	0.58
T_86	IDPO:00507	0.46
T_86	IDPO:00505	0.4
T_86	IDPO:00029	0.28
T_86	IDPO:00034	0.26
T_86	IDPO:00028	0.06
T_87	IDPO:00024	0.92
T_87	IDPO:00501	0.9
T_87	IDPO:00033	0.88
T_87	IDPO:00029	0.76
T_87	IDPO:00505	0.74
T_87	IDPO:00034	0.64
T_87	IDPO:00501	0.6
T_87	IDPO:00030	0.54
T_87	IDPO:00025	0.42
T_87	IDPO:00506	0.36
T_87	IDPO:00028	0.34
T_87	IDPO:00502	0.16
T_87	IDPO:00027	0.04
T_88	IDPO:00501	1.0
T_88	IDPO:00501	0.96
T_88	IDPO:00030	0.88
T_88	IDPO:00026	0.74
T_88	IDPO:00506	0.68
T_88	IDPO:00025	0.6
T_88	IDPO:00024	0.58
T_88	IDPO:00507	0.46
T_88	IDPO:00505	0.4
T_88	IDPO:00029	0.28
T_88	IDPO:00034	0.26
T_88	IDPO:00028	0.06
T_89	IDPO:00501	1.0
T_89	IDPO:00501	0.96
T_89	IDPO:00030	0.88
T_89	IDPO:00026	0.74
T_89	IDPO:00506	0.68
T_89	IDPO:00025	0.6
T_89	IDPO:00024	0.58
T_89	IDPO:00507	0.46
T_89	IDPO:00505	0.4
T_89	IDPO:00029	0.28
T_89	IDPO:00034	0.26
T_89	IDPO:00028	0.06
T_90	IDPO:00024	0.92
T_90	IDPO:00501	0.9
T_90	IDPO:00033	0.88
T_90	IDPO:00029	0.76
T_90	IDPO:00505	0.74
T_90	IDPO:00034	0.64
T_90	IDPO:00501	0.6
T_90	IDPO:00030	0.54
T_90	IDPO:00025	0.42
T_90	IDPO:00506	0.36
T_90	IDPO:00028	0.34
T_90	IDPO:00502	0.16
T_90	IDPO:00027	0.04
T_91	IDPO:00501	1.0
T_91	IDPO:00501	0.96
T_91	IDPO:00030	0.88
T_91	IDPO:00026	0.74
T_91	IDPO:00506	0.68
T_91	IDPO:00025	0.6
T_91	IDPO:00024	0.58
T_91	IDPO:00507	0.46
T_91	IDPO:00505	0.4
T_91	IDPO:00029	0.28
T_91	IDPO:00034	0.26
T_91	IDPO:00028	0.06
T_92	IDPO:00501	1.0
T_92	IDPO:00501	0.96
T_92	IDPO:00030	0.88
T_92	IDPO:00026	0.74
T_92	IDPO:00506	0.68
T_92	IDPO:00025	0.6
T_92	IDPO:00024	0.58
T_92	IDPO:00507	0.46
T_92	IDPO:00505	0.4
T_92	IDPO:00029	0.28
T_92	IDPO:00034	0.26
T_92	IDPO:00028	0.06
T_93	IDPO:00501	1.0
T_93	IDPO:00501	0.96
T_93	IDPO:00030	0.88
T_93	IDPO:00026	0.74
T_93	IDPO:00506	0.68
T_93	IDPO:00025	0.6
T_93	IDPO:00024	0.58
T_93	IDPO:00507	0.46
T_93	IDPO:00505	0.4
T_93	IDPO:00029	0.28
T_93	IDPO:00034	0.26
T_93	IDPO:00028	0.06
T_94	IDPO:00033	1.0
T_94	IDPO:00501	0.98
T_94	IDPO:00027	0.94
T_94	IDPO:00502	0.92
T_94	IDPO:00028	0.84
T_94	IDPO:00034	0.64
T_94	IDPO:00029	0.62
T_94	IDPO:00505	0.5
T_94	IDPO:00507	0.44
T_94	IDPO:00024	0.32
T_94	IDPO:00025	0.3
T_94	IDPO:00506	0.22
T_94	IDPO:00026	0.16
T_95	IDPO:00024	0.92
T_95	IDPO:00501	0.9
T_95	IDPO:00033	0.88
T_95	IDPO:00029	0.76
T_95	IDPO:00505	0.74
T_95	IDPO:00034	0.64
T_95	IDPO:00501	0.6
T_95	IDPO:00030	0.54
T_95	IDPO:00025	0.42
T_95	IDPO:00506	0.36
T_95	IDPO:00028	0.34
T_95	IDPO:00502	0.16
T_95	IDPO:00027	0.04
T_96	IDPO:00024	0.92
T_96	IDPO:00501	0.9
T_96	IDPO:00033	0.88
T_96	IDPO:00029	0.76
T_96	IDPO:00505	0.74
T_96	IDPO:00034	0.64
T_96	IDPO:00501	0.6
T_96	IDPO:00030	0.54
T_96	IDPO:00025	0.42
T_96	IDPO:00506	0.36
T_96	IDPO:00028	0.34
T_96	IDPO:00502	0.16
T_96	IDPO:00027	0.04
T_97	IDPO:00033	1.0
T_97	IDPO:00501	0.98
T_97	IDPO:00027	0.94
T_97	IDPO:00502	0.92
T_97	IDPO:00028	0.84
T_97	IDPO:00034	0.64
T_97	IDPO:00029	0.62
T_97	IDPO:00505	0.5
T_97	IDPO:00507	0.44
T_97	IDPO:00024	0.32
T_97	IDPO:00025	0.3
T_97	IDPO:00506	0.22
T_97	IDPO:00026	0.16
T_98	IDPO:00033	1.0
T_98	IDPO:00501	0.98
T_98	IDPO:00027	0.94
T_98	IDPO:00502	0.92
T_98	IDPO:00028	0.84
T_98	IDPO:00034	0.64
T_98	IDPO:00029	0.62
T_98	IDPO:00505	0.5
T_98	IDPO:00507	0.44
T_98	IDPO:00024	0.32
T_98	IDPO:00025	0.3
T_98	IDPO:00506	0.22
T_98	IDPO:00026	0.16
T_99	IDPO:00024	0.92
T_99	IDPO:00501	0.9
T_99	IDPO:00033	0.88
T_99	IDPO:00029	0.76
T_99	IDPO:00505	0.74
T_99	IDPO:00034	0.64
T_99	IDPO:00501	0.6
T_99	IDPO:00030	0.54
T_99	IDPO:00025	0.42
T_99	IDPO:00506	0.36
T_99	IDPO:00028	0.34
T_99	IDPO:00502	0.16
T_99	IDPO:00027	0.04
T_100	IDPO:00501	1.0
T_100	IDPO:00501	0.96
T_100	IDPO:00030	0.88
T_100	IDPO:00026	0.74
T_100	IDPO:00506	0.68
T_100	IDPO:00025	0.6
T_100	IDPO:00024	0.58
T_100	IDPO:00507	0.46
T_100	IDPO:00505	0.4
T_100	IDPO:00029	0.28
T_100	IDPO:00034	0.26
T_100	IDPO:00028	0.06
T_101	IDPO:00024	0.92
T_101	IDPO:00501	0.9
T_101	IDPO:00033	0.88
T_101	IDPO:00029	0.76
T_101	IDPO:00505	0.74
T_101	IDPO:00034	0.64
T_101	IDPO:00501	0.6
T_101	IDPO:00030	0.54
T_101	IDPO:00025	0.42
T_101	IDPO:00506	0.36
T_101	IDPO:00028	0.34
T_101	IDPO:00502	0.16
T_101	IDPO:00027	0.04
T_102	IDPO:00501	1.0
T_102	IDPO:00501	0.96
T_102	IDPO:00030	0.88
T_102	IDPO:00026	0.74
T_102	IDPO:00506	0.68
T_102	IDPO:00025	0.6
T_102	IDPO:00024	0.58
T_102	IDPO:00507	0.46
T_102	IDPO:00505	0.4
T_102	IDPO:00029	0.28
T_102	IDPO:00034	0.26
T_102	IDPO:00028	0.06
T_103	IDPO:00033	1.0
T_103	IDPO:00501	0.98
T_103	IDPO:00027	0.94
T_103	IDPO:00502	0.92
T_103	IDPO:00028	0.84
T_103	IDPO:00034	0.64
T_103	IDPO:00029	0.62
T_103	IDPO:00505	0.5
T_103	IDPO:00507	0.44
T_103	IDPO:00024	0.32
T_103	IDPO:00025	0.3
T_103	IDPO:00506	0.22
T_103	IDPO:00026	0.16
T_104	IDPO:00024	0.92
T_104	IDPO:00501	0.9
T_104	IDPO:00033	0.88
T_104	IDPO:00029	0.76
T_104	IDPO:00505	0.74
T_104	IDPO:00034	0.64
T_104	IDPO:00501	0.6
T_104	IDPO:00030	0.54
T_104	IDPO:00025	0.42
T_104	IDPO:00506	0.36
T_104	IDPO:00028	0.34
T_104	IDPO:00502	0.16
T_104	IDPO:00027	0.04
T_105	IDPO:00024	0.92
T_105	IDPO:00501	0.9
T_105	IDPO:00033	0.88
T_105	IDPO:00029	0.76
T_105	IDPO:00505	0.74
T_105	IDPO:00034	0.64
T_105	IDPO:00501	0.6
T_105	IDPO:00030	0.54
T_105	IDPO:00025	0.42
T_105	IDPO:00506	0.36
T_105	IDPO:00028	0.34
T_105	IDPO:00502	0.16
T_105	IDPO:00027	0.04
T_106	IDPO:00501	1.0
T_106	IDPO:00501	0.96
T_106	IDPO:00030	0.88
T_106	IDPO:00026	0.74
T_106	IDPO:00506	0.68
T_106	IDPO:00025	0.6
T_106	IDPO:00024	0.58
T_106	IDPO:00507	0.46
T_106	IDPO:00505	0.4
T_106	IDPO:00029	0.28
T_106	IDPO:00034	0.26
T_106	IDPO:00028	0.06
T_107	IDPO:00033	1.0
T_107	IDPO:00501	0.98
T_107	IDPO:00027	0.94
T_107	IDPO:00502	0.92
T_107	IDPO:00028	0.84
T_107	IDPO:00034	0.64
T_107	IDPO:00029	0.62
T_107	IDPO:00505	0.5
T_107	IDPO:00507	0.44
T_107	IDPO:00024	0.32
T_107	IDPO:00025	0.3
T_107	IDPO:00506	0.22
T_107	IDPO:00026	0.16
T_108	IDPO:00033	1.0
T_108	IDPO:00501	0.98
T_108	IDPO:00027	0.94
T_108	IDPO:00502	0.92
T_108	IDPO:00028	0.84
T_108	IDPO:00034	0.64
T_108	IDPO:00029	0.62
T_108	IDPO:00505	0.5
T_108	IDPO:00507	0.44
T_108	IDPO:00024	0.32
T_108	IDPO:00025	0.3
T_108	IDPO:00506	0.22
T_108	IDPO:00026	0.16
T_109	IDPO:00501	1.0
T_109	IDPO:00501	0.96
T_109	IDPO:00030	0.88
T_109	IDPO:00026	0.74
T_109	IDPO:00506	0.68
T_109	IDPO:00025	0.6
T_109	IDPO:00024	0.58
T_109	IDPO:00507	0.46
T_109	IDPO:00505	0.4
T_109	IDPO:00029	0.28
T_109	IDPO:00034	0.26
T_109	IDPO:00028	0.06
T_110	IDPO:00024	0.92
T_110	IDPO:00501	0.9
T_110	IDPO:00033	0.88
T_110	IDPO:00029	0.76
T_110	IDPO:00505	0.74
T_110	IDPO:00034	0.64
T_110	IDPO:00501	0.6
T_110	IDPO:00030	0.54
T_110	IDPO:00025	0.42
T_110	IDPO:00506	0.36
T_110	IDPO:00028	0.34
T_110	IDPO:00502	0.16
T_110	IDPO:00027	0.04
T_111	IDPO:00033	1.0
T_111	IDPO:00501	0.98
T_111	IDPO:00027	0.94
T_111	IDPO:00502	0.92
T_111	IDPO:00028	0.84
T_111	IDPO:00034	0.64
T_111	IDPO:00029	0.62
T_111	IDPO:00505	0.5
T_111	IDPO:00507	0.44
T_111	IDPO:00024	0.32
T_111	IDPO:00025	0.3
T_111	IDPO:00506	0.22
T_111	IDPO:00026	0.16
T_112	IDPO:00024	0.92
T_112	IDPO:00501	0.9
T_112	IDPO:00033	0.88
T_112	IDPO:00029	0.76
T_112	IDPO:00505	0.74
T_112	IDPO:00034	0.64
T_112	IDPO:00501	0.6
T_112	IDPO:00030	0.54
T_112	IDPO:00025	0.42
T_112	IDPO:00506	0.36
T_112	IDPO:00028	0.34
T_112	IDPO:00502	0.16
T_112	IDPO:00027	0.04
T_113	IDPO:00024	0.92
T_113	IDPO:00501	0.9
T_113	IDPO:00033	0.88
T_113	IDPO:00029	0.76
T_113	IDPO:00505	0.74
T_113	IDPO:00034	0.64
T_113	IDPO:00501	0.6
T_113	IDPO:00030	0.54
T_113	IDPO:00025	0.42
T_113	IDPO:00506	0.36
T_113	IDPO:00028	0.34
T_113	IDPO:00502	0.16
T_113	IDPO:00027	0.04
T_114	IDPO:00024	0.92
T_114	IDPO:00501	0.9
T_114	IDPO:00033	0.88
T_114	IDPO:00029	0.76
T_114	IDPO:00505	0.74
T_114	IDPO:00034	0.64
T_114	IDPO:00501	0.6
T_114	IDPO:00030	0.54
T_114	IDPO:00025	0.42
T_114	IDPO:00506	0.36
T_114	IDPO:00028	0.34
T_114	IDPO:00502	0.16
T_114	IDPO:00027	0.04
T_115	IDPO:00024	0.92
T_115	IDPO:00501	0.9
T_115	IDPO:00033	0.88
T_115	IDPO:00029	0.76
T_115	IDPO:00505	0.74
T_115	IDPO:00034	0.64
T_115	IDPO:00501	0.6
T_115	IDPO:00030	0.54
T_115	IDPO:00025	0.42
T_115	IDPO:00506	0.36
T_115	IDPO:00028	0.34
T_115	IDPO:00502	0.16
T_115	IDPO:00027	0.04
T_116	IDPO:00024	0.92
T_116	IDPO:00501	0.9
T_116	IDPO:00033	0.88
T_116	IDPO:00029	0.76
T_116	IDPO:00505	0.74
T_116	IDPO:00034	0.64
T_116	IDPO:00501	0.6
T_116	IDPO:00030	0.54
T_116	IDPO:00025	0.42
T_116	IDPO:00506	0.36
T_116	IDPO:00028	0.34
T_116	IDPO:00502	0.16
T_116	IDPO:00027	0.04
T_117	IDPO:00033	1.0
T_117	IDPO:00501	0.98
T_117	IDPO:00027	0.94
T_117	IDPO:00502	0.92
T_117	IDPO:00028	0.84
T_117	IDPO:00034	0.64
T_117	IDPO:00029	0.62
T_117	IDPO:00505	0.5
T_117	IDPO:00507	0.44
T_117	IDPO:00024	0.32
T_117	IDPO:00025	0.3
T_117	IDPO:00506	0.22
T_117	IDPO:00026	0.16
T_118	IDPO:00501	1.0
T_118	IDPO:00501	0.96
T_118	IDPO:00030	0.88
T_118	IDPO:00026	0.74
T_118	IDPO:00506	0.68
T_118	IDPO:00025	0.6
T_118	IDPO:00024	0.58
T_118	IDPO:00507	0.46
T_118	IDPO:00505	0.4
T_118	IDPO:00029	0.28
T_118	IDPO:00034	0.26
T_118	IDPO:00028	0.06
T_119	IDPO:00033	1.0
T_119	IDPO:00501	0.98
T_119	IDPO:00027	0.94
T_119	IDPO:00502	0.92
T_119	IDPO:00028	0.84
T_119	IDPO:00034	0.64
T_119	IDPO:00029	0.62
T_119	IDPO:00505	0.5
T_119	IDPO:00507	0.44
T_119	IDPO:00024	0.32
T_119	IDPO:00025	0.3
T_119	IDPO:00506	0.22
T_119	IDPO:00026	0.16
T_120	IDPO:00024	0.92
T_120	IDPO:00501	0.9
T_120	IDPO:00033	0.88
T_120	IDPO:00029	0.76
T_120	IDPO:00505	0.74
T_120	IDPO:00034	0.64
T_120	IDPO:00501	0.6
T_120	IDPO:00030	0.54
T_120	IDPO:00025	0.42
T_120	IDPO:00506	0.36
T_120	IDPO:00028	0.34
T_120	IDPO:00502	0.16
T_120	IDPO:00027	0.04
T_121	IDPO:00501	1.0
T_121	IDPO:00501	0.96
T_121	IDPO:00030	0.88
T_121	IDPO:00026	0.74
T_121	IDPO:00506	0.68
T_121	IDPO:00025	0.6
T_121	IDPO:00024	0.58
T_121	IDPO:00507	0.46
T_121	IDPO:00505	0.4
T_121	IDPO:00029	0.28
T_121	IDPO:00034	0.26
T_121	IDPO:00028	0.06
T_122	IDPO:00501	1.0
T_122	IDPO:00501	0.96
T_122	IDPO:00030	0.88
T_122	IDPO:00026	0.74
T_122	IDPO:00506	0.68
T_122	IDPO:00025	0.6
T_122	IDPO:00024	0.58
T_122	IDPO:00507	0.46
T_122	IDPO:00505	0.4
T_122	IDPO:00029	0.28
T_122	IDPO:00034	0.26
T_122	IDPO:00028	0.06
T_123	IDPO:00024	0.92
T_123	IDPO:00501	0.9
T_123	IDPO:00033	0.88
T_123	IDPO:00029	0.76
T_123	IDPO:00505	0.74
T_123	IDPO:00034	0.64
T_123	IDPO:00501	0.6
T_123	IDPO:00030	0.54
T_123	IDPO:00025	0.42
T_123	IDPO:00506	0.36
T_123	IDPO:00028	0.34
T_123	IDPO:00502	0.16
T_123	IDPO:00027	0.04
T_124	IDPO:00024	0.92
T_124	IDPO:00501	0.9
T_124	IDPO:00033	0.88
T_124	IDPO:00029	0.76
T_124	IDPO:00505	0.74
T_124	IDPO:00034	0.64
T_124	IDPO:00501	0.6
T_124	IDPO:00030	0.54
T_124	IDPO:00025	0.42
T_124	IDPO:00506	0.36
T_124	IDPO:00028	0.34
T_124	IDPO:00502	0.16
T_124	IDPO:00027	0.04
T_125	IDPO:00024	0.92
T_125	IDPO:00501	0.9
T_125	IDPO:00033	0.88
T_125	IDPO:00029	0.76
T_125	IDPO:00505	0.74
T_125	IDPO:00034	0.64
T_125	IDPO:00501	0.6
T_125	IDPO:00030	0.54
T_125	IDPO:00025	0.42
T_125	IDPO:00506	0.36
T_125	IDPO:00028	0.34
T_125	IDPO:00502	0.16
T_125	IDPO:00027	0.04
T_126	IDPO:00501	1.0
T_126	IDPO:00501	0.96
T_126	IDPO:00030	0.88
T_126	IDPO:00026	0.74
T_126	IDPO:00506	0.68
T_126	IDPO:00025	0.6
T_126	IDPO:00024	0.58
T_126	IDPO:00507	0.46
T_126	IDPO:00505	0.4
T_126	IDPO:00029	0.28
T_126	IDPO:00034	0.26
T_126	IDPO:00028	0.06
T_127	IDPO:00024	0.92
T_127	IDPO:00501	0.9
T_127	IDPO:00033	0.88
T_127	IDPO:00029	0.76
T_127	IDPO:00505	0.74
T_127	IDPO:00034	0.64
T_127	IDPO:00501	0.6
T_127	IDPO:00030	0.54
T_127	IDPO:00025	0.42
T_127	IDPO:00506	0.36
T_127	IDPO:00028	0.34
T_127	IDPO:00502	0.16
T_127	IDPO:00027	0.04
T_128	IDPO:00501	1.0
T_128	IDPO:00501	0.96
T_128	IDPO:00030	0.88
T_128	IDPO:00026	0.74
T_128	IDPO:00506	0.68
T_128	IDPO:00025	0.6
T_128	IDPO:00024	0.58
T_128	IDPO:00507	0.46
T_128	IDPO:00505	0.4
T_128	IDPO:00029	0.28
T_128	IDPO:00034	0.26
T_128	IDPO:00028	0.06
T_129	IDPO:00024	0.92
T_129	IDPO:00501	0.9
T_129	IDPO:00033	0.88
T_129	IDPO:00029	0.76
T_129	IDPO:00505	0.74
T_129	IDPO:00034	0.64
T_129	IDPO:00501	0.6
T_129	IDPO:00030	0.54
T_129	IDPO:00025	0.42
T_129	IDPO:00506	0.36
T_129	IDPO:00028	0.34
T_129	IDPO:00502	0.16
T_129	IDPO:00027	0.04
T_130	IDPO:00024	0.92
T_130	IDPO:00501	0.9
T_130	IDPO:00033	0.88
T_130	IDPO:00029	0.76
T_130	IDPO:00505	0.74
T_130	IDPO:00034	0.64
T_130	IDPO:00501	0.6
T_130	IDPO:00030	0.54
T_130	IDPO:00025	0.42
T_130	IDPO:00506	0.36
T_130	IDPO:00028	0.34
T_130	IDPO:00502	0.16
T_130	IDPO:00027	0.04
T_131	IDPO:00024	0.92
T_131	IDPO:00501	0.9
T_131	IDPO:00033	0.88
T_131	IDPO:00029	0.76
T_131	IDPO:00505	0.74
T_131	IDPO:00034	0.64
T_131	IDPO:00501	0.6
T_131	IDPO:00030	0.54
T_131	IDPO:00025	0.42
T_131	IDPO:00506	0.36
T_131	IDPO:00028	0.34
T_131	IDPO:00502	0.16
T_131	IDPO:00027	0.04
T_132	IDPO:00501	1.0
T_132	IDPO:00501	0.96
T_132	IDPO:00030	0.88
T_132	IDPO:00026	0.74
T_132	IDPO:00506	0.68
T_132	IDPO:00025	0.6
T_132	IDPO:00024	0.58
T_132	IDPO:00507	0.46
T_132	IDPO:00505	0.4
T_132	IDPO:00029	0.28
T_132	IDPO:00034	0.26
T_132	IDPO:00028	0.06
T_133	IDPO:00033	1.0
T_133	IDPO:00501	0.98
T_133	IDPO:00027	0.94
T_133	IDPO:00502	0.92
T_133	IDPO:00028	0.84
T_133	IDPO:00034	0.64
T_133	IDPO:00029	0.62
T_133	IDPO:00505	0.5
T_133	IDPO:00507	0.44
T_133	IDPO:00024	0.32
T_133	IDPO:00025	0.3
T_133	IDPO:00506	0.22
T_133	IDPO:00026	0.16
T_134	IDPO:00033	1.0
T_134	IDPO:00501	0.98
T_134	IDPO:00027	0.94
T_134	IDPO:00502	0.92
T_134	IDPO:00028	0.84
T_134	IDPO:00034	0.64
T_134	IDPO:00029	0.62
T_134	IDPO:00505	0.5
T_134	IDPO:00507	0.44
T_134	IDPO:00024	0.32
T_134	IDPO:00025	0.3
T_134	IDPO:00506	0.22
T_134	IDPO:00026	0.16
T_135	IDPO:00024	0.92
T_135	IDPO:00501	0.9
T_135	IDPO:00033	0.88
T_135	IDPO:00029	0.76
T_135	IDPO:00505	0.74
T_135	IDPO:00034	0.64
T_135	IDPO:00501	0.6
T_135	IDPO:00030	0.54
T_135	IDPO:00025	0.42
T_135	IDPO:00506	0.36
T_135	IDPO:00028	0.34
T_135	IDPO:00502	0.16
T_135	IDPO:00027	0.04
T_136	IDPO:00033	1.0
T_136	IDPO:00501	0.98
T_136	IDPO:00027	0.94
T_136	IDPO:00502	0.92
T_136	IDPO:00028	0.84
T_136	IDPO:00034	0.64
T_136	IDPO:00029	0.62
T_136	IDPO:00505	0.5
T_136	IDPO:00507	0.44
T_136	IDPO:00024	0.32
T_136	IDPO:00025	0.3
T_136	IDPO:00506	0.22
T_136	IDPO:00026	0.16
T_137	IDPO:00033	1.0
T_137	IDPO:00501	0.98
T_137	IDPO:00027	0.94
T_137	IDPO:00502	0.92
T_137	IDPO:00028	0.84
T_137	IDPO:00034	0.64
T_137	IDPO:00029	0.62
T_137	IDPO:00505	0.5
T_137	IDPO:00507	0.44
T_137	IDPO:00024	0.32
T_137	IDPO:00025	0.3
T_137	IDPO:00506	0.22
T_137	IDPO:00026	0.16
T_138	IDPO:00024	0.92
T_138	IDPO:00501	0.9
T_138	IDPO:00033	0.88
T_138	IDPO:00029	0.76
T_138	IDPO:00505	0.74
T_138	IDPO:00034	0.64
T_138	IDPO:00501	0.6
T_138	IDPO:00030	0.54
T_138	IDPO:00025	0.42
T_138	IDPO:00506	0.36
T_138	IDPO:00028	0.34
T_138	IDPO:00502	0.16
T_138	IDPO:00027	0.04
T_139	IDPO:00501	1.0
T_139	IDPO:00501	0.96
T_139	IDPO:00030	0.88
T_139	IDPO:00026	0.74
T_139	IDPO:00506	0.68
T_139	IDPO:00025	0.6
T_139	IDPO:00024	0.58
T_139	IDPO:00507	0.46
T_139	IDPO:00505	0.4
T_139	IDPO:00029	0.28
T_139	IDPO:00034	0.26
T_139	IDPO:00028	0.06
T_140	IDPO:00024	0.92
T_140	IDPO:00501	0.9
T_140	IDPO:00033	0.88
T_140	IDPO:00029	0.76
T_140	IDPO:00505	0.74
T_140	IDPO:00034	0.64
T_140	IDPO:00501	0.6
T_140	IDPO:00030	0.54
T_140	IDPO:00025	0.42
T_140	IDPO:00506	0.36
T_140	IDPO:00028	0.34
T_140	IDPO:00502	0.16
T_140	IDPO:00027	0.04
T_141	IDPO:00024	0.92
T_141	IDPO:00501	0.9
T_141	IDPO:00033	0.88
T_141	IDPO:00029	0.76
T_141	IDPO:00505	0.74
T_141	IDPO:00034	0.64
T_141	IDPO:00501	0.6
T_141	IDPO:00030	0.54
T_141	IDPO:00025	0.42
T_141	IDPO:00506	0.36
T_141	IDPO:00028	0.34
T_141	IDPO:00502	0.16
T_141	IDPO:00027	0.04
T_142	IDPO:00501	1.0
T_142	IDPO:00501	0.96
T_142	IDPO:00030	0.88
T_142	IDPO:00026	0.74
T_142	IDPO:00506	0.68
T_142	IDPO:00025	0.6
T_142	IDPO:00024	0.58
T_142	IDPO:00507	0.46
T_142	IDPO:00505	0.4
T_142	IDPO:00029	0.28
T_142	IDPO:00034	0.26
T_142	IDPO:00028	0.06
T_143	IDPO:00501	1.0
T_143	IDPO:00501	0.96
T_143	IDPO:00030	0.88
T_143	IDPO:00026	0.74
T_143	IDPO:00506	0.68
T_143	IDPO:00025	0.6
T_143	IDPO:00024	0.58
T_143	IDPO:00507	0.46
T_143	IDPO:00505	0.4
T_143	IDPO:00029	0.28
T_143	IDPO:00034	0.26
T_143	IDPO:00028	0.06
T_144	IDPO:00501	1.0
T_144	IDPO:00501	0.96
T_144	IDPO:00030	0.88
T_144	IDPO:00026	0.74
T_144	IDPO:00506	0.68
T_144	IDPO:00025	0.6
T_144	IDPO:00024	0.58
T_144	IDPO:00507	0.46
T_144	IDPO:00505	0.4
T_144	IDPO:00029	0.28
T_144	IDPO:00034	0.26
T_144	IDPO:00028	0.06
T_145	IDPO:00033	1.0
T_145	IDPO:00501	0.98
T_145	IDPO:00027	0.94
T_145	IDPO:00502	0.92
T_145	IDPO:00028	0.84
T_145	IDPO:00034	0.64
T_145	IDPO:00029	0.62
T_145	IDPO:00505	0.5
T_145	IDPO:00507	0.44
T_145	IDPO:00024	0.32
T_145	IDPO:00025	0.3
T_145	IDPO:00506	0.22
T_145	IDPO:00026	0.16
T_146	IDPO:00024	0.92
T_146	IDPO:00501	0.9
T_146	IDPO:00033	0.88
T_146	IDPO:00029	0.76
T_146	IDPO:00505	0.74
T_146	IDPO:00034	0.64
T_146	IDPO:00501	0.6
T_146	IDPO:00030	0.54
T_146	IDPO:00025	0.42
T_146	IDPO:00506	0.36
T_146	IDPO:00028	0.34
T_146	IDPO:00502	0.16
T_146	IDPO:00027	0.04
T_147	IDPO:00033	1.0
T_147	IDPO:00501	0.98
T_147	IDPO:00027	0.94
T_147	IDPO:00502	0.92
T_147	IDPO:00028	0.84
T_147	IDPO:00034	0.64
T_147	IDPO:00029	0.62
T_147	IDPO:00505	0.5
T_147	IDPO:00507	0.44
T_147	IDPO:00024	0.32
T_147	IDPO:00025	0.3
T_147	IDPO:00506	0.22
T_147	IDPO:00026	0.16
T_148	IDPO:00501	1.0
T_148	IDPO:00501	0.96
T_148	IDPO:00030	0.88
T_148	IDPO:00026	0.74
T_148	IDPO:00506	0.68
T_148	IDPO:00025	0.6
T_148	IDPO:00024	0.58
T_148	IDPO:00507	0.46
T_148	IDPO:00505	0.4
T_148	IDPO:00029	0.28
T_148	IDPO:00034	0.26
T_148	IDPO:00028	0.06
T_149	IDPO:00033	1.0
T_149	IDPO:00501	0.98
T_149	IDPO:00027	0.94
T_149	IDPO:00502	0.92
T_149	IDPO:00028	0.84
T_149	IDPO:00034	0.64
T_149	IDPO:00029	0.62
T_149	IDPO:00505	0.5
T_149	IDPO:00507	0.44
T_149	IDPO:00024	0.32
T_149	IDPO:00025	0.3
T_149	IDPO:00506	0.22
T_149	IDPO:00026	0.16
T_150	IDPO:00033	1.0
T_150	IDPO:00501	0.98
T_150	IDPO:00027	0.94
T_150	IDPO:00502	0.92
T_150	IDPO:00028	0.84
T_150	IDPO:00034	0.64
T_150	IDPO:00029	0.62
T_150	IDPO:00505	0.5
T_150	IDPO:00507	0.44
T_150	IDPO:00024	0.32
T_150	IDPO:00025	0.3
T_150	IDPO:00506	0.22
T_150	IDPO:00026	0.16
T_151	IDPO:00024	0.92
T_151	IDPO:00501	0.9
T_151	IDPO:00033	0.88
T_151	IDPO:00029	0.76
T_151	IDPO:00505	0.74
T_151	IDPO:00034	0.64
T_151	IDPO:00501	0.6
T_151	IDPO:00030	0.54
T_151	IDPO:00025	0.42
T_151	IDPO:00506	0.36
T_151	IDPO:00028	0.34
T_151	IDPO:00502	0.16
T_151	IDPO:00027	0.04
T_152	IDPO:00024	0.92
T_152	IDPO:00501	0.9
T_152	IDPO:00033	0.88
T_152	IDPO:00029	0.76
T_152	IDPO:00505	0.74
T_152	IDPO:00034	0.64
T_152	IDPO:00501	0.6
T_152	IDPO:00030	0.54
T_152	IDPO:00025	0.42
T_152	IDPO:00506	0.36
T_152	IDPO:00028	0.34
T_152	IDPO:00502	0.16
T_152	IDPO:00027	0.04
T_153	IDPO:00033	1.0
T_153	IDPO:00501	0.98
T_153	IDPO:00027	0.94
T_153	IDPO:00502	0.92
T_153	IDPO:00028	0.84
T_153	IDPO:00034	0.64
T_153	IDPO:00029	0.62
T_153	IDPO:00505	0.5
T_153	IDPO:00507	0.44
T_153	IDPO:00024	0.32
T_153	IDPO:00025	0.3
T_153	IDPO:00506	0.22
T_153	IDPO:00026	0.16
T_154	IDPO:00501	1.0
T_154	IDPO:00501	0.96
T_154	IDPO:00030	0.88
T_154	IDPO:00026	0.74
T_154	IDPO:00506	0.68
T_154	IDPO:00025	0.6
T_154	IDPO:00024	0.58
T_154	IDPO:00507	0.46
T_154	IDPO:00505	0.4
T_154	IDPO:00029	0.28
T_154	IDPO:00034	0.26
T_154	IDPO:00028	0.06
T_155	IDPO:00024	0.92
T_155	IDPO:00501	0.9
T_155	IDPO:00033	0.88
T_155	IDPO:00029	0.76
T_155	IDPO:00505	0.74
T_155	IDPO:00034	0.64
T_155	IDPO:00501	0.6
T_155	IDPO:00030	0.54
T_155	IDPO:00025	0.42
T_155	IDPO:00506	0.36
T_155	IDPO:00028	0.34
T_155	IDPO:00502	0.16
T_155	IDPO:00027	0.04
T_156	IDPO:00033	1.0
T_156	IDPO:00501	0.98
T_156	IDPO:00027	0.94
T_156	IDPO:00502	0.92
T_156	IDPO:00028	0.84
T_156	IDPO:00034	0.64
T_156	IDPO:00029	0.62
T_156	IDPO:00505	0.5
T_156	IDPO:00507	0.44
T_156	IDPO:00024	0.32
T_156	IDPO:00025	0.3
T_156	IDPO:00506	0.22
T_156	IDPO:00026	0.16
T_157	IDPO:00033	1.0
T_157	IDPO:00501	0.98
T_157	IDPO:00027	0.94
T_157	IDPO:00502	0.92
T_157	IDPO:00028	0.84
T_157	IDPO:00034	0.64
T_157	IDPO:00029	0.62
T_157	IDPO:00505	0.5
T_157	IDPO:00507	0.44
T_157	IDPO:00024	0.32
T_157	IDPO:00025	0.3
T_157	IDPO:00506	0.22
T_157	IDPO:00026	0.16
T_158	IDPO:00501	1.0
T_158	IDPO:00501	0.96
T_158	IDPO:00030	0.88
T_158	IDPO:00026	0.74
T_158	IDPO:00506	0.68
T_158	IDPO:00025	0.6
T_158	IDPO:00024	0.58
T_158	IDPO:00507	0.46
T_158	IDPO:00505	0.4
T_158	IDPO:00029	0.28
T_158	IDPO:00034	0.26
T_158	IDPO:00028	0.06
T_159	IDPO:00033	1.0
T_159	IDPO:00501	0.98
T_159	IDPO:00027	0.94
T_159	IDPO:00502	0.92
T_159	IDPO:00028	0.84
T_159	IDPO:00034	0.64
T_159	IDPO:00029	0.62
T_159	IDPO:00505	0.5
T_159	IDPO:00507	0.44
T_159	IDPO:00024	0.32
T_159	IDPO:00025	0.3
T_159	IDPO:00506	0.22
T_159	IDPO:00026	0.16
T_160	IDPO:00501	1.0
T_160	IDPO:00501	0.96
T_160	IDPO:00030	0.88
T_160	IDPO:00026	0.74
T_160	IDPO:00506	0.68
T_160	IDPO:00025	0.6
T_160	IDPO:00024	0.58
T_160	IDPO:00507	0.46
T_160	IDPO:00505	0.4
T_160	IDPO:00029	0.28
T_160	IDPO:00034	0.26
T_160	IDPO:00028	0.06
T_161	IDPO:00033	1.0
T_161	IDPO:00501	0.98
T_161	IDPO:00027	0.94
T_161	IDPO:00502	0.92
T_161	IDPO:00028	0.84
T_161	IDPO:00034	0.64
T_161	IDPO:00029	0.62
T_161	IDPO:00505	0.5
T_161	IDPO:00507	0.44
T_161	IDPO:00024	0.32
T_161	IDPO:00025	0.3
T_161	IDPO:00506	0.22
T_161	IDPO:00026	0.16
T_162	IDPO:00501	1.0
T_162	IDPO:00501	0.96
T_162	IDPO:00030	0.88
T_162	IDPO:00026	0.74
T_162	IDPO:00506	0.68
T_162	IDPO:00025	0.6
T_162	IDPO:00024	0.58
T_162	IDPO:00507	0.46
T_162	IDPO:00505	0.4
T_162	IDPO:00029	0.28
T_162	IDPO:00034	0.26
T_162	IDPO:00028	0.06
T_163	IDPO:00024	0.92
T_163	IDPO:00501	0.9
T_163	IDPO:00033	0.88
T_163	IDPO:00029	0.76
T_163	IDPO:00505	0.74
T_163	IDPO:00034	0.64
T_163	IDPO:00501	0.6
T_163	IDPO:00030	0.54
T_163	IDPO:00025	0.42
T_163	IDPO:00506	0.36
T_163	IDPO:00028	0.34
T_163	IDPO:00502	0.16
T_163	IDPO:00027	0.04
T_164	IDPO:00024	0.92
T_164	IDPO:00501	0.9
T_164	IDPO:00033	0.88
T_164	IDPO:00029	0.76
T_164	IDPO:00505	0.74
T_164	IDPO:00034	0.64
T_164	IDPO:00501	0.6
T_164	IDPO:00030	0.54
T_164	IDPO:00025	0.42
T_164	IDPO:00506	0.36
T_164	IDPO:00028	0.34
T_164	IDPO:00502	0.16
T_164	IDPO:00027	0.04
T_165	IDPO:00024	0.92
T_165	IDPO:00501	0.9
T_165	IDPO:00033	0.88
T_165	IDPO:00029	0.76
T_165	IDPO:00505	0.74
T_165	IDPO:00034	0.64
T_165	IDPO:00501	0.6
T_165	IDPO:00030	0.54
T_165	IDPO:00025	0.42
T_165	IDPO:00506	0.36
T_165	IDPO:00028	0.34
T_165	IDPO:00502	0.16
T_165	IDPO:00027	0.04
T_166	IDPO:00024	0.92
T_166	IDPO:00501	0.9
T_166	IDPO:00033	0.88
T_166	IDPO:00029	0.76
T_166	IDPO:00505	0.74
T_166	IDPO:00034	0.64
T_166	IDPO:00501	0.6
T_166	IDPO:00030	0.54
T_166	IDPO:00025	0.42
T_166	IDPO:00506	0.36
T_166	IDPO:00028	0.34
T_166	IDPO:00502	0.16
T_166	IDPO:00027	0.04
T_167	IDPO:00033	1.0
T_167	IDPO:00501	0.98
T_167	IDPO:00027	0.94
T_167	IDPO:00502	0.92
T_167	IDPO:00028	0.84
T_167	IDPO:00034	0.64
T_167	IDPO:00029	0.62
T_167	IDPO:00505	0.5
T_167	IDPO:00507	0.44
T_167	IDPO:00024	0.32
T_167	IDPO:00025	0.3
T_167	IDPO:00506	0.22
T_167	IDPO:00026	0.16
T_168	IDPO:00501	1.0
T_168	IDPO:00501	0.96
T_168	IDPO:00030	0.88
T_168	IDPO:00026	0.74
T_168	IDPO:00506	0.68
T_168	IDPO:00025	0.6
T_168	IDPO:00024	0.58
T_168	IDPO:00507	0.46
T_168	IDPO:00505	0.4
T_168	IDPO:00029	0.28
T_168	IDPO:00034	0.26
T_168	IDPO:00028	0.06
T_35	IDPO:00033	1.0
T_35	IDPO:00501	0.98
T_35	IDPO:00027	0.94
T_35	IDPO:00502	0.92
T_35	IDPO:00028	0.84
T_35	IDPO:00034	0.64
T_35	IDPO:00029	0.62
T_35	IDPO:00505	0.5
T_35	IDPO:00507	0.44
T_35	IDPO:00024	0.32
T_35	IDPO:00025	0.3
T_35	IDPO:00506	0.22
T_35	IDPO:00026	0.16
T_36	IDPO:00501	1.0
T_36	IDPO:00501	0.96
T_36	IDPO:00030	0.88
T_36	IDPO:00026	0.74
T_36	IDPO:00506	0.68
T_36	IDPO:00025	0.6
T_36	IDPO:00024	0.58
T_36	IDPO:00507	0.46
T_36	IDPO:00505	0.4
T_36	IDPO:00029	0.28
T_36	IDPO:00034	0.26
T_36	IDPO:00028	0.06
T_37	IDPO:00501	1.0
T_37	IDPO:00501	0.96
T_37	IDPO:00030	0.88
T_37	IDPO:00026	0.74
T_37	IDPO:00506	0.68
T_37	IDPO:00025	0.6
T_37	IDPO:00024	0.58
T_37	IDPO:00507	0.46
T_37	IDPO:00505	0.4
T_37	IDPO:00029	0.28
T_37	IDPO:00034	0.26
T_37	IDPO:00028	0.06
T_38	IDPO:00024	0.92
T_38	IDPO:00501	0.9
T_38	IDPO:00033	0.88
T_38	IDPO:00029	0.76
T_38	IDPO:00505	0.74
T_38	IDPO:00034	0.64
T_38	IDPO:00501	0.6
T_38	IDPO:00030	0.54
T_38	IDPO:00025	0.42
T_38	IDPO:00506	0.36
T_38	IDPO:00028	0.34
T_38	IDPO:00502	0.16
T_38	IDPO:00027	0.04
T_39	IDPO:00024	0.92
T_39	IDPO:00501	0.9
T_39	IDPO:00033	0.88
T_39	IDPO:00029	0.76
T_39	IDPO:00505	0.74
T_39	IDPO:00034	0.64
T_39	IDPO:00501	0.6
T_39	IDPO:00030	0.54
T_39	IDPO:00025	0.42
T_39	IDPO:00506	0.36
T_39	IDPO:00028	0.34
T_39	IDPO:00502	0.16
T_39	IDPO:00027	0.04
T_40	IDPO:00501	1.0
T_40	IDPO:00501	0.96
T_40	IDPO:00030	0.88
T_40	IDPO:00026	0.74
T_40	IDPO:00506	0.68
T_40	IDPO:00025	0.6
T_40	IDPO:00024	0.58
T_40	IDPO:00507	0.46
T_40	IDPO:00505	0.4
T_40	IDPO:00029	0.28
T_40	IDPO:00034	0.26
T_40	IDPO:00028	0.06
T_41	IDPO:00033	1.0
T_41	IDPO:00501	0.98
T_41	IDPO:00027	0.94
T_41	IDPO:00502	0.92
T_41	IDPO:00028	0.84
T_41	IDPO:00034	0.64
T_41	IDPO:00029	0.62
T_41	IDPO:00505	0.5
T_41	IDPO:00507	0.44
T_41	IDPO:00024	0.32
T_41	IDPO:00025	0.3
T_41	IDPO:00506	0.22
T_41	IDPO:00026	0.16
T_25	IDPO:00024	0.92
T_25	IDPO:00501	0.9
T_25	IDPO:00033	0.88
T_25	IDPO:00029	0.76
T_25	IDPO:00505	0.74
T_25	IDPO:00034	0.64
T_25	IDPO:00501	0.6
T_25	IDPO:00030	0.54
T_25	IDPO:00025	0.42
T_25	IDPO:00506	0.36
T_25	IDPO:00028	0.34
T_25	IDPO:00502	0.16
T_25	IDPO:00027	0.04
T_26	IDPO:00501	1.0
T_26	IDPO:00501	0.96
T_26	IDPO:00030	0.88
T_26	IDPO:00026	0.74
T_26	IDPO:00506	0.68
T_26	IDPO:00025	0.6
T_26	IDPO:00024	0.58
T_26	IDPO:00507	0.46
T_26	IDPO:00505	0.4
T_26	IDPO:00029	0.28
T_26	IDPO:00034	0.26
T_26	IDPO:00028	0.06
T_27	IDPO:00024	0.92
T_27	IDPO:00501	0.9
T_27	IDPO:00033	0.88
T_27	IDPO:00029	0.76
T_27	IDPO:00505	0.74
T_27	IDPO:00034	0.64
T_27	IDPO:00501	0.6
T_27	IDPO:00030	0.54
T_27	IDPO:00025	0.42
T_27	IDPO:00506	0.36
T_27	IDPO:00028	0.34
T_27	IDPO:00502	0.16
T_27	IDPO:00027	0.04
T_28	IDPO:00024	0.92
T_28	IDPO:00501	0.9
T_28	IDPO:00033	0.88
T_28	IDPO:00029	0.76
T_28	IDPO:00505	0.74
T_28	IDPO:00034	0.64
T_28	IDPO:00501	0.6
T_28	IDPO:00030	0.54
T_28	IDPO:00025	0.42
T_28	IDPO:00506	0.36
T_28	IDPO:00028	0.34
T_28	IDPO:00502	0.16
T_28	IDPO:00027	0.04
T_29	IDPO:00024	0.92
T_29	IDPO:00501	0.9
T_29	IDPO:00033	0.88
T_29	IDPO:00029	0.76
T_29	IDPO:00505	0.74
T_29	IDPO:00034	0.64
T_29	IDPO:00501	0.6
T_29	IDPO:00030	0.54
T_29	IDPO:00025	0.42
T_29	IDPO:00506	0.36
T_29	IDPO:00028	0.34
T_29	IDPO:00502	0.16
T_29	IDPO:00027	0.04
T_30	IDPO:00024	0.92
T_30	IDPO:00501	0.9
T_30	IDPO:00033	0.88
T_30	IDPO:00029	0.76
T_30	IDPO:00505	0.74
T_30	IDPO:00034	0.64
T_30	IDPO:00501	0.6
T_30	IDPO:00030	0.54
T_30	IDPO:00025	0.42
T_30	IDPO:00506	0.36
T_30	IDPO:00028	0.34
T_30	IDPO:00502	0.16
T_30	IDPO:00027	0.04
T_34	IDPO:00033	1.0
T_34	IDPO:00501	0.98
T_34	IDPO:00027	0.94
T_34	IDPO:00502	0.92
T_34	IDPO:00028	0.84
T_34	IDPO:00034	0.64
T_34	IDPO:00029	0.62
T_34	IDPO:00505	0.5
T_34	IDPO:00507	0.44
T_34	IDPO:00024	0.32
T_34	IDPO:00025	0.3
T_34	IDPO:00506	0.22
T_34	IDPO:00026	0.16
T_1	IDPO:00033	1.0
T_1	IDPO:00501	0.98
T_1	IDPO:00027	0.94
T_1	IDPO:00502	0.92
T_1	IDPO:00028	0.84
T_1	IDPO:00034	0.64
T_1	IDPO:00029	0.62
T_1	IDPO:00505	0.5
T_1	IDPO:00507	0.44
T_1	IDPO:00024	0.32
T_1	IDPO:00025	0.3
T_1	IDPO:00506	0.22
T_1	IDPO:00026	0.16
T_2	IDPO:00024	0.92
T_2	IDPO:00501	0.9
T_2	IDPO:00033	0.88
T_2	IDPO:00029	0.76
T_2	IDPO:00505	0.74
T_2	IDPO:00034	0.64
T_2	IDPO:00501	0.6
T_2	IDPO:00030	0.54
T_2	IDPO:00025	0.42
T_2	IDPO:00506	0.36
T_2	IDPO:00028	0.34
T_2	IDPO:00502	0.16
T_2	IDPO:00027	0.04
T_3	IDPO:00501	1.0
T_3	IDPO:00501	0.96
T_3	IDPO:00030	0.88
T_3	IDPO:00026	0.74
T_3	IDPO:00506	0.68
T_3	IDPO:00025	0.6
T_3	IDPO:00024	0.58
T_3	IDPO:00507	0.46
T_3	IDPO:00505	0.4
T_3	IDPO:00029	0.28
T_3	IDPO:00034	0.26
T_3	IDPO:00028	0.06
T_4	IDPO:00501	1.0
T_4	IDPO:00501	0.96
T_4	IDPO:00030	0.88
T_4	IDPO:00026	0.74
T_4	IDPO:00506	0.68
T_4	IDPO:00025	0.6
T_4	IDPO:00024	0.58
T_4	IDPO:00507	0.46
T_4	IDPO:00505	0.4
T_4	IDPO:00029	0.28
T_4	IDPO:00034	0.26
T_4	IDPO:00028	0.06
T_5	IDPO:00033	1.0
T_5	IDPO:00501	0.98
T_5	IDPO:00027	0.94
T_5	IDPO:00502	0.92
T_5	IDPO:00028	0.84
T_5	IDPO:00034	0.64
T_5	IDPO:00029	0.62
T_5	IDPO:00505	0.5
T_5	IDPO:00507	0.44
T_5	IDPO:00024	0.32
T_5	IDPO:00025	0.3
T_5	IDPO:00506	0.22
T_5	IDPO:00026	0.16
T_6	IDPO:00024	0.92
T_6	IDPO:00501	0.9
T_6	IDPO:00033	0.88
T_6	IDPO:00029	0.76
T_6	IDPO:00505	0.74
T_6	IDPO:00034	0.64
T_6	IDPO:00501	0.6
T_6	IDPO:00030	0.54
T_6	IDPO:00025	0.42
T_6	IDPO:00506	0.36
T_6	IDPO:00028	0.34
T_6	IDPO:00502	0.16
T_6	IDPO:00027	0.04
T_7	IDPO:00024	0.92
T_7	IDPO:00501	0.9
T_7	IDPO:00033	0.88
T_7	IDPO:00029	0.76
T_7	IDPO:00505	0.74
T_7	IDPO:00034	0.64
T_7	IDPO:00501	0.6
T_7	IDPO:00030	0.54
T_7	IDPO:00025	0.42
T_7	IDPO:00506	0.36
T_7	IDPO:00028	0.34
T_7	IDPO:00502	0.16
T_7	IDPO:00027	0.04
T_8	IDPO:00024	0.92
T_8	IDPO:00501	0.9
T_8	IDPO:00033	0.88
T_8	IDPO:00029	0.76
T_8	IDPO:00505	0.74
T_8	IDPO:00034	0.64
T_8	IDPO:00501	0.6
T_8	IDPO:00030	0.54
T_8	IDPO:00025	0.42
T_8	IDPO:00506	0.36
T_8	IDPO:00028	0.34
T_8	IDPO:00502	0.16
T_8	IDPO:00027	0.04
T_9	IDPO:00024	0.92
T_9	IDPO:00501	0.9
T_9	IDPO:00033	0.88
T_9	IDPO:00029	0.76
T_9	IDPO:00505	0.74
T_9	IDPO:00034	0.64
T_9	IDPO:00501	0.6
T_9	IDPO:00030	0.54
T_9	IDPO:00025	0.42
T_9	IDPO:00506	0.36
T_9	IDPO:00028	0.34
T_9	IDPO:00502	0.16
T_9	IDPO:00027	0.04
T_10	IDPO:00024	0.92
T_10	IDPO:00501	0.9
T_10	IDPO:00033	0.88
T_10	IDPO:00029	0.76
T_10	IDPO:00505	0.74
T_10	IDPO:00034	0.64
T_10	IDPO:00501	0.6
T_10	IDPO:00030	0.54
T_10	IDPO:00025	0.42
T_10	IDPO:00506	0.36
T_10	IDPO:00028	0.34
T_10	IDPO:00502	0.16
T_10	IDPO:00027	0.04
T_11	IDPO:00033	1.0
T_11	IDPO:00501	0.98
T_11	IDPO:00027	0.94
T_11	IDPO:00502	0.92
T_11	IDPO:00028	0.84
T_11	IDPO:00034	0.64
T_11	IDPO:00029	0.62
T_11	IDPO:00505	0.5
T_11	IDPO:00507	0.44
T_11	IDPO:00024	0.32
T_11	IDPO:00025	0.3
T_11	IDPO:00506	0.22
T_11	IDPO:00026	0.16
T_12	IDPO:00033	1.0
T_12	IDPO:00501	0.98
T_12	IDPO:00027	0.94
T_12	IDPO:00502	0.92
T_12	IDPO:00028	0.84
T_12	IDPO:00034	0.64
T_12	IDPO:00029	0.62
T_12	IDPO:00505	0.5
T_12	IDPO:00507	0.44
T_12	IDPO:00024	0.32
T_12	IDPO:00025	0.3
T_12	IDPO:00506	0.22
T_12	IDPO:00026	0.16
T_13	IDPO:00024	0.92
T_13	IDPO:00501	0.9
T_13	IDPO:00033	0.88
T_13	IDPO:00029	0.76
T_13	IDPO:00505	0.74
T_13	IDPO:00034	0.64
T_13	IDPO:00501	0.6
T_13	IDPO:00030	0.54
T_13	IDPO:00025	0.42
T_13	IDPO:00506	0.36
T_13	IDPO:00028	0.34
T_13	IDPO:00502	0.16
T_13	IDPO:00027	0.04
T_14	IDPO:00024	0.92
T_14	IDPO:00501	0.9
T_14	IDPO:00033	0.88
T_14	IDPO:00029	0.76
T_14	IDPO:00505	0.74
T_14	IDPO:00034	0.64
T_14	IDPO:00501	0.6
T_14	IDPO:00030	0.54
T_14	IDPO:00025	0.42
T_14	IDPO:00506	0.36
T_14	IDPO:00028	0.34
T_14	IDPO:00502	0.16
T_14	IDPO:00027	0.04
T_15	IDPO:00024	0.92
T_15	IDPO:00501	0.9
T_15	IDPO:00033	0.88
T_15	IDPO:00029	0.76
T_15	IDPO:00505	0.74
T_15	IDPO:00034	0.64
T_15	IDPO:00501	0.6
T_15	IDPO:00030	0.54
T_15	IDPO:00025	0.42
T_15	IDPO:00506	0.36
T_15	IDPO:00028	0.34
T_15	IDPO:00502	0.16
T_15	IDPO:00027	0.04
T_16	IDPO:00501	1.0
T_16	IDPO:00501	0.96
T_16	IDPO:00030	0.88
T_16	IDPO:00026	0.74
T_16	IDPO:00506	0.68
T_16	IDPO:00025	0.6
T_16	IDPO:00024	0.58
T_16	IDPO:00507	0.46
T_16	IDPO:00505	0.4
T_16	IDPO:00029	0.28
T_16	IDPO:00034	0.26
T_16	IDPO:00028	0.06
T_17	IDPO:00033	1.0
T_17	IDPO:00501	0.98
T_17	IDPO:00027	0.94
T_17	IDPO:00502	0.92
T_17	IDPO:00028	0.84
T_17	IDPO:00034	0.64
T_17	IDPO:00029	0.62
T_17	IDPO:00505	0.5
T_17	IDPO:00507	0.44
T_17	IDPO:00024	0.32
T_17	IDPO:00025	0.3
T_17	IDPO:00506	0.22
T_17	IDPO:00026	0.16
T_18	IDPO:00033	1.0
T_18	IDPO:00501	0.98
T_18	IDPO:00027	0.94
T_18	IDPO:00502	0.92
T_18	IDPO:00028	0.84
T_18	IDPO:00034	0.64
T_18	IDPO:00029	0.62
T_18	IDPO:00505	0.5
T_18	IDPO:00507	0.44
T_18	IDPO:00024	0.32
T_18	IDPO:00025	0.3
T_18	IDPO:00506	0.22
T_18	IDPO:00026	0.16
T_19	IDPO:00033	1.0
T_19	IDPO:00501	0.98
T_19	IDPO:00027	0.94
T_19	IDPO:00502	0.92
T_19	IDPO:00028	0.84
T_19	IDPO:00034	0.64
T_19	IDPO:00029	0.62
T_19	IDPO:00505	0.5
T_19	IDPO:00507	0.44
T_19	IDPO:00024	0.32
T_19	IDPO:00025	0.3
T_19	IDPO:00506	0.22
T_19	IDPO:00026	0.16
T_20	IDPO:00033	1.0
T_20	IDPO:00501	0.98
T_20	IDPO:00027	0.94
T_20	IDPO:00502	0.92
T_20	IDPO:00028	0.84
T_20	IDPO:00034	0.64
T_20	IDPO:00029	0.62
T_20	IDPO:00505	0.5
T_20	IDPO:00507	0.44
T_20	IDPO:00024	0.32
T_20	IDPO:00025	0.3
T_20	IDPO:00506	0.22
T_20	IDPO:00026	0.16
T_21	IDPO:00033	1.0
T_21	IDPO:00501	0.98
T_21	IDPO:00027	0.94
T_21	IDPO:00502	0.92
T_21	IDPO:00028	0.84
T_21	IDPO:00034	0.64
T_21	IDPO:00029	0.62
T_21	IDPO:00505	0.5
T_21	IDPO:00507	0.44
T_21	IDPO:00024	0.32
T_21	IDPO:00025	0.3
T_21	IDPO:00506	0.22
T_21	IDPO:00026	0.16
T_22	IDPO:00024	0.92
T_22	IDPO:00501	0.9
T_22	IDPO:00033	0.88
T_22	IDPO:00029	0.76
T_22	IDPO:00505	0.74
T_22	IDPO:00034	0.64
T_22	IDPO:00501	0.6
T_22	IDPO:00030	0.54
T_22	IDPO:00025	0.42
T_22	IDPO:00506	0.36
T_22	IDPO:00028	0.34
T_22	IDPO:00502	0.16
T_22	IDPO:00027	0.04
T_23	IDPO:00501	1.0
T_23	IDPO:00501	0.96
T_23	IDPO:00030	0.88
T_23	IDPO:00026	0.74
T_23	IDPO:00506	0.68
T_23	IDPO:00025	0.6
T_23	IDPO:00024	0.58
T_23	IDPO:00507	0.46
T_23	IDPO:00505	0.4
T_23	IDPO:00029	0.28
T_23	IDPO:00034	0.26
T_23	IDPO:00028	0.06
T_24	IDPO:00024	0.92
T_24	IDPO:00501	0.9
T_24	IDPO:00033	0.88
T_24	IDPO:00029	0.76
T_24	IDPO:00505	0.74
T_24	IDPO:00034	0.64
T_24	IDPO:00501	0.6
T_24	IDPO:00030	0.54
T_24	IDPO:00025	0.42
T_24	IDPO:00506	0.36
T_24	IDPO:00028	0.34
T_24	IDPO:00502	0.16
T_24	IDPO:00027	0.04
T_64	IDPO:00033	1.0
T_64	IDPO:00501	0.98
T_64	IDPO:00027	0.94
T_64	IDPO:00502	0.92
T_64	IDPO:00028	0.84
T_64	IDPO:00034	0.64
T_64	IDPO:00029	0.62
T_64	IDPO:00505	0.5
T_64	IDPO:00507	0.44
T_64	IDPO:00024	0.32
T_64	IDPO:00025	0.3
T_64	IDPO:00506	0.22
T_64	IDPO:00026	0.16
T_65	IDPO:00024	0.92
T_65	IDPO:00501	0.9
T_65	IDPO:00033	0.88
T_65	IDPO:00029	0.76
T_65	IDPO:00505	0.74
T_65	IDPO:00034	0.64
T_65	IDPO:00501	0.6
T_65	IDPO:00030	0.54
T_65	IDPO:00025	0.42
T_65	IDPO:00506	0.36
T_65	IDPO:00028	0.34
T_65	IDPO:00502	0.16
T_65	IDPO:00027	0.04
T_66	IDPO:00033	1.0
T_66	IDPO:00501	0.96
T_66	IDPO:00027	0.94
T_66	IDPO:00502	0.92
T_66	IDPO:00028	0.84
T_66	IDPO:00029	0.64
T_66	IDPO:00034	0.62
T_66	IDPO:00505	0.52
T_66	IDPO:00507	0.44
T_66	IDPO:00024	0.32
T_66	IDPO:00025	0.3
T_66	IDPO:00506	0.22
T_66	IDPO:00026	0.18
T_67	IDPO:00033	1.0
T_67	IDPO:00501	0.98
T_67	IDPO:00027	0.94
T_67	IDPO:00502	0.92
T_67	IDPO:00028	0.84
T_67	IDPO:00034	0.64
T_67	IDPO:00029	0.62
T_67	IDPO:00505	0.5
T_67	IDPO:00507	0.44
T_67	IDPO:00024	0.32
T_67	IDPO:00025	0.3
T_67	IDPO:00506	0.22
T_67	IDPO:00026	0.16
T_68	IDPO:00033	1.0
T_68	IDPO:00501	0.98
T_68	IDPO:00027	0.94
T_68	IDPO:00502	0.92
T_68	IDPO:00028	0.84
T_68	IDPO:00034	0.64
T_68	IDPO:00029	0.62
T_68	IDPO:00505	0.5
T_68	IDPO:00507	0.44
T_68	IDPO:00024	0.32
T_68	IDPO:00025	0.3
T_68	IDPO:00506	0.22
T_68	IDPO:00026	0.16
T_69	IDPO:00501	1.0
T_69	IDPO:00501	0.96
T_69	IDPO:00030	0.88
T_69	IDPO:00026	0.74
T_69	IDPO:00506	0.68
T_69	IDPO:00025	0.6
T_69	IDPO:00024	0.58
T_69	IDPO:00507	0.46
T_69	IDPO:00505	0.4
T_69	IDPO:00029	0.28
T_69	IDPO:00034	0.26
T_69	IDPO:00028	0.06
T_70	IDPO:00501	1.0
T_70	IDPO:00501	0.96
T_70	IDPO:00030	0.88
T_70	IDPO:00026	0.74
T_70	IDPO:00506	0.68
T_70	IDPO:00025	0.6
T_70	IDPO:00024	0.58
T_70	IDPO:00507	0.46
T_70	IDPO:00505	0.4
T_70	IDPO:00029	0.28
T_70	IDPO:00034	0.26
T_70	IDPO:00028	0.06
T_71	IDPO:00033	1.0
T_71	IDPO:00501	0.98
T_71	IDPO:00027	0.94
T_71	IDPO:00502	0.92
T_71	IDPO:00028	0.84
T_71	IDPO:00034	0.64
T_71	IDPO:00029	0.62
T_71	IDPO:00505	0.5
T_71	IDPO:00507	0.44
T_71	IDPO:00024	0.32
T_71	IDPO:00025	0.3
T_71	IDPO:00506	0.22
T_71	IDPO:00026	0.16
T_63	IDPO:00024	0.92
T_63	IDPO:00501	0.9
T_63	IDPO:00033	0.88
T_63	IDPO:00029	0.76
T_63	IDPO:00505	0.74
T_63	IDPO:00034	0.64
T_63	IDPO:00501	0.6
T_63	IDPO:00030	0.54
T_63	IDPO:00025	0.42
T_63	IDPO:00506	0.36
T_63	IDPO:00028	0.34
T_63	IDPO:00502	0.16
T_63	IDPO:00027	0.04
